model,rmse,mae,r2,feature_count,rmse_delta_vs_full,r2_delta_vs_full
Version B - Market Capacity,197.2143826231416,72.16297336804153,0.8312850416519945,18,0.0,0.0
Version B1 - Market Capacity Ablation,502.46349871411576,276.4588517923182,-0.09517987962425178,16,305.24911609097416,-0.9264649212762462
