feature,importance
outlet_size,237097.3172057212
cooler_count,21648.655071749086
